/** Main Company Table Details **/

CREATE TABLE KRA_COMP_DETAILS (
         COMPANY_ID      NUMBER PRIMARY KEY,
         COMPANY_NAME      VARCHAR2(100) NOT NULL);
         
INSERT INTO KRA_COMP_DETAILS (COMPANY_ID,COMPANY_NAME) VALUES (1,'Infosys');
INSERT INTO KRA_COMP_DETAILS (COMPANY_ID,COMPANY_NAME) VALUES (2,'CTS');
INSERT INTO KRA_COMP_DETAILS (COMPANY_ID,COMPANY_NAME) VALUES (3,'TI');
INSERT INTO KRA_COMP_DETAILS (COMPANY_ID,COMPANY_NAME) VALUES (4,'TCS');
INSERT INTO KRA_COMP_DETAILS (COMPANY_ID,COMPANY_NAME) VALUES (5,'HCL');
INSERT INTO KRA_COMP_DETAILS (COMPANY_ID,COMPANY_NAME) VALUES (6,'Amazon');

/** Employee Table Details **/

CREATE TABLE KRA_EMPLOYEE (
         EMP_ID      NUMBER PRIMARY KEY,
         EMP_NAME      VARCHAR2(100) NOT NULL,
         EMP_ROLE      VARCHAR2(100) NOT NULL,
         EMP_LOCATION      VARCHAR2(100) NOT NULL,
         EMP_SALARY    NUMBER NOT NULL,
         COMPANY_ID    NUMBER REFERENCES KRA_COMP_DETAILS(COMPANY_ID),
         PHONE_CODE   NUMBER,
         PHONE_NUMBER NUMBER);
         
INSERT INTO KRA_EMPLOYEE (EMP_ID,EMP_NAME,EMP_ROLE,EMP_LOCATION,EMP_SALARY,COMPANY_ID,PHONE_CODE,PHONE_NUMBER)
VALUES (1,'Kranthi','SSE','Kansas City',34500.68,1,1,123456789);

INSERT INTO KRA_EMPLOYEE (EMP_ID,EMP_NAME,EMP_ROLE,EMP_LOCATION,EMP_SALARY,COMPANY_ID,PHONE_CODE,PHONE_NUMBER)
VALUES (2,'Kumar','TA','Kansas',35500.8,2,1,234567890);

INSERT INTO KRA_EMPLOYEE (EMP_ID,EMP_NAME,EMP_ROLE,EMP_LOCATION,EMP_SALARY,COMPANY_ID,PHONE_CODE,PHONE_NUMBER)
VALUES (3,'Gangineni','TL','Missouri',45500,3,1,456789123);


/** Old Company Table Details **/
CREATE TABLE KRA_OLD_COMP_DETAILS (
         COMPANY_ID      NUMBER NOT NULL REFERENCES KRA_COMP_DETAILS(COMPANY_ID),
         EMP_ID      NUMBER NOT NULL REFERENCES KRA_EMPLOYEE(EMP_ID),
         PRIMARY KEY(COMPANY_ID,EMP_ID));
         
INSERT INTO KRA_OLD_COMP_DETAILS (COMPANY_ID,EMP_ID) VALUES (1,3);
INSERT INTO KRA_OLD_COMP_DETAILS (COMPANY_ID,EMP_ID) VALUES (4,1);
INSERT INTO KRA_OLD_COMP_DETAILS (COMPANY_ID,EMP_ID) VALUES (5,2);
INSERT INTO KRA_OLD_COMP_DETAILS (COMPANY_ID,EMP_ID) VALUES (1,2);
INSERT INTO KRA_OLD_COMP_DETAILS (COMPANY_ID,EMP_ID) VALUES (6,3);


/** SMS_CODES table **/
CREATE TABLE DOCTOR_QUEUE_SMS_CODES (
         PHONE_NUMBER      VARCHAR2(100) PRIMARY KEY,
         SMS_CODE      VARCHAR2(100) NOT NULL);